panipuri1,300,Regular,Cash,2025-01-10 11:19:14.828263
panipuri,200,Regular,Cash,2025-01-11 11:23:58.700604
panipuri1,300,Regular,Cash,2025-01-12 11:23:58.700604
panipuri,200,Regular,Cash,2025-02-02 11:24:16.102177
panipuri1,300,Regular,Cash,2025-02-02 11:24:16.102277
panipuri,200,Regular,Cash,2025-02-02 11:24:29.979672
panipuri1,300,Regular,Cash,2025-02-02 11:24:29.979672
panipuri,200,Regular,Cash,2025-02-02 11:25:29.304022
panipuri1,300,Regular,Cash,2025-02-02 11:25:29.305022
panipuri,200,Regular,Cash,2025-02-02 11:36:20.796020
panipuri1,300,Regular,Cash,2025-01-02 11:36:20.797099
panipuri,200,Regular,Cash,2025-01-02 11:37:16.226700
panipuri1,300,Regular,Cash,2025-01-02 11:37:16.226700
panipuri,200,Regular,Cash,2025-01-02 11:38:53.664652
panipuri1,300,Regular,Cash,2025-01-02 11:38:53.664652
panipuri,200,Regular,Cash,2025-01-02 11:39:24.535538
panipuri1,300,Regular,Cash,2025-01-02 11:39:24.536537
panipuri,200,Regular,Cash,2025-01-02 11:43:45.038669
panipuri1,300,Regular,Cash,2025-01-02 11:43:45.038669
panipuri,200,Regular,Cash,2025-01-02 11:44:41.577286
panipuri1,300,Regular,Cash,2025-01-02 11:44:41.577286
panipuri,200,Regular,Cash,2025-01-02 11:45:00.875151
panipuri1,300,Regular,Cash,2025-01-02 11:45:00.876149
panipuri,200,Regular,Cash,2025-01-02 11:46:05.761240
panipuri1,300,Regular,Cash,2025-01-02 11:46:05.761240
panipuri,200,Regular,Cash,2025-01-02 11:46:52.438891
panipuri1,300,Regular,Cash,2025-01-02 11:46:52.439888
panipuri,200,Regular,Cash,2025-01-02 11:47:22.713686
panipuri1,300,Regular,Cash,2025-01-02 11:47:22.714684
